USE finansu_db;

INSERT INTO buildings (id, name) VALUES
  (1, '事務局'),
  (2, '機械・建設棟'),
  (3, '電気棟'),
  (4, '実験実習棟'),
  (5, '情報システム等'),
  (6, '博士研究棟'),
  (7, '生物棟'),
  (8, '環境棟'),
  (9, '物材経情棟'),
  (10, '総合研究棟'),
  (11, '極限粒子棟'),
  (12, '原子力安全シス安棟'),
  (13, '工作センター'),
  (14, '大型実験棟'),
  (15, '分析計測センター'),
  (16, 'ラジオアイソトープセンター');

INSERT INTO building_units (id, building_id, unit_number) VALUES
  (1, 1, 1),
  (2, 1, 2),
  (3, 1, 3),
  (4, 2, 1),
  (5, 2, 2),
  (6, 2, 3),
  (7, 3, 1),
  (8, 3, 2),
  (9, 3, 3),
  (10, 4, 1),
  (11, 4, 2),
  (12, 4, 3),
  (13, 5, 1),
  (14, 5, 2),
  (15, 5, 3),
  (16, 6, 1),
  (17, 6, 2),
  (18, 6, 3),
  (19, 7, 1),
  (20, 7, 2),
  (21, 7, 3),
  (22, 8, 1),
  (23, 8, 2),
  (24, 8, 3),
  (25, 9, 1),
  (26, 9, 2),
  (27, 9, 3),
  (28, 10, 1),
  (29, 10, 2),
  (30, 10, 3),
  (31, 11, 1),
  (32, 11, 2),
  (33, 11, 3),
  (34, 12, 1),
  (35, 12, 2),
  (36, 12, 3),
  (37, 13, 1),
  (38, 13, 2),
  (39, 13, 3),
  (40, 14, 1),
  (41, 14, 2),
  (42, 14, 3),
  (43, 15, 1),
  (44, 15, 2),
  (45, 15, 3),
  (46, 16, 1),
  (47, 16, 2),
  (48, 16, 3);

INSERT INTO floors (id, building_unit_id, floor_number) VALUES
  (1, 1, 1),
  (2, 1, 2),
  (3, 1, 3),
  (4, 1, 4),
  (5, 1, 5),
  (6, 1, 6),
  (7, 1, 7),
  (8, 1, 8),
  (9, 2, 1),
  (10, 2, 2),
  (11, 2, 3),
  (12, 2, 4),
  (13, 2, 5),
  (14, 2, 6),
  (15, 2, 7),
  (16, 2, 8),
  (17, 3, 1),
  (18, 3, 2),
  (19, 3, 3),
  (20, 3, 4),
  (21, 3, 5),
  (22, 3, 6),
  (23, 3, 7),
  (24, 3, 8),
  (25, 4, 1),
  (26, 4, 2),
  (27, 4, 3),
  (28, 4, 4),
  (29, 4, 5),
  (30, 4, 6),
  (31, 4, 7),
  (32, 4, 8),
  (33, 5, 1),
  (34, 5, 2),
  (35, 5, 3),
  (36, 5, 4),
  (37, 5, 5),
  (38, 5, 6),
  (39, 5, 7),
  (40, 5, 8),
  (41, 6, 1),
  (42, 6, 2),
  (43, 6, 3),
  (44, 6, 4),
  (45, 6, 5),
  (46, 6, 6),
  (47, 6, 7),
  (48, 6, 8),
  (49, 7, 1),
  (50, 7, 2),
  (51, 7, 3),
  (52, 7, 4),
  (53, 7, 5),
  (54, 7, 6),
  (55, 7, 7),
  (56, 7, 8),
  (57, 8, 1),
  (58, 8, 2),
  (59, 8, 3),
  (60, 8, 4),
  (61, 8, 5),
  (62, 8, 6),
  (63, 8, 7),
  (64, 8, 8),
  (65, 9, 1),
  (66, 9, 2),
  (67, 9, 3),
  (68, 9, 4),
  (69, 9, 5),
  (70, 9, 6),
  (71, 9, 7),
  (72, 9, 8),
  (73, 10, 1),
  (74, 10, 2),
  (75, 10, 3),
  (76, 10, 4),
  (77, 10, 5),
  (78, 10, 6),
  (79, 10, 7),
  (80, 10, 8),
  (81, 11, 1),
  (82, 11, 2),
  (83, 11, 3),
  (84, 11, 4),
  (85, 11, 5),
  (86, 11, 6),
  (87, 11, 7),
  (88, 11, 8),
  (89, 12, 1),
  (90, 12, 2),
  (91, 12, 3),
  (92, 12, 4),
  (93, 12, 5),
  (94, 12, 6),
  (95, 12, 7),
  (96, 12, 8),
  (97, 13, 1),
  (98, 13, 2),
  (99, 13, 3),
  (100, 13, 4),
  (101, 13, 5),
  (102, 13, 6),
  (103, 13, 7),
  (104, 13, 8),
  (105, 14, 1),
  (106, 14, 2),
  (107, 14, 3),
  (108, 14, 4),
  (109, 14, 5),
  (110, 14, 6),
  (111, 14, 7),
  (112, 14, 8),
  (113, 15, 1),
  (114, 15, 2),
  (115, 15, 3),
  (116, 15, 4),
  (117, 15, 5),
  (118, 15, 6),
  (119, 15, 7),
  (120, 15, 8),
  (121, 16, 1),
  (122, 16, 2),
  (123, 16, 3),
  (124, 16, 4),
  (125, 16, 5),
  (126, 16, 6),
  (127, 16, 7),
  (128, 16, 8),
  (129, 17, 1),
  (130, 17, 2),
  (131, 17, 3),
  (132, 17, 4),
  (133, 17, 5),
  (134, 17, 6),
  (135, 17, 7),
  (136, 17, 8),
  (137, 18, 1),
  (138, 18, 2),
  (139, 18, 3),
  (140, 18, 4),
  (141, 18, 5),
  (142, 18, 6),
  (143, 18, 7),
  (144, 18, 8),
  (145, 19, 1),
  (146, 19, 2),
  (147, 19, 3),
  (148, 19, 4),
  (149, 19, 5),
  (150, 19, 6),
  (151, 19, 7),
  (152, 19, 8),
  (153, 20, 1),
  (154, 20, 2),
  (155, 20, 3),
  (156, 20, 4),
  (157, 20, 5),
  (158, 20, 6),
  (159, 20, 7),
  (160, 20, 8),
  (161, 21, 1),
  (162, 21, 2),
  (163, 21, 3),
  (164, 21, 4),
  (165, 21, 5),
  (166, 21, 6),
  (167, 21, 7),
  (168, 21, 8),
  (169, 22, 1),
  (170, 22, 2),
  (171, 22, 3),
  (172, 22, 4),
  (173, 22, 5),
  (174, 22, 6),
  (175, 22, 7),
  (176, 22, 8),
  (177, 23, 1),
  (178, 23, 2),
  (179, 23, 3),
  (180, 23, 4),
  (181, 23, 5),
  (182, 23, 6),
  (183, 23, 7),
  (184, 23, 8),
  (185, 24, 1),
  (186, 24, 2),
  (187, 24, 3),
  (188, 24, 4),
  (189, 24, 5),
  (190, 24, 6),
  (191, 24, 7),
  (192, 24, 8),
  (193, 25, 1),
  (194, 25, 2),
  (195, 25, 3),
  (196, 25, 4),
  (197, 25, 5),
  (198, 25, 6),
  (199, 25, 7),
  (200, 25, 8),
  (201, 26, 1),
  (202, 26, 2),
  (203, 26, 3),
  (204, 26, 4),
  (205, 26, 5),
  (206, 26, 6),
  (207, 26, 7),
  (208, 26, 8),
  (209, 27, 1),
  (210, 27, 2),
  (211, 27, 3),
  (212, 27, 4),
  (213, 27, 5),
  (214, 27, 6),
  (215, 27, 7),
  (216, 27, 8),
  (217, 28, 1),
  (218, 28, 2),
  (219, 28, 3),
  (220, 28, 4),
  (221, 28, 5),
  (222, 28, 6),
  (223, 28, 7),
  (224, 28, 8),
  (225, 29, 1),
  (226, 29, 2),
  (227, 29, 3),
  (228, 29, 4),
  (229, 29, 5),
  (230, 29, 6),
  (231, 29, 7),
  (232, 29, 8),
  (233, 30, 1),
  (234, 30, 2),
  (235, 30, 3),
  (236, 30, 4),
  (237, 30, 5),
  (238, 30, 6),
  (239, 30, 7),
  (240, 30, 8),
  (241, 31, 1),
  (242, 31, 2),
  (243, 31, 3),
  (244, 31, 4),
  (245, 31, 5),
  (246, 31, 6),
  (247, 31, 7),
  (248, 31, 8),
  (249, 32, 1),
  (250, 32, 2),
  (251, 32, 3),
  (252, 32, 4),
  (253, 32, 5),
  (254, 32, 6),
  (255, 32, 7),
  (256, 32, 8),
  (257, 33, 1),
  (258, 33, 2),
  (259, 33, 3),
  (260, 33, 4),
  (261, 33, 5),
  (262, 33, 6),
  (263, 33, 7),
  (264, 33, 8),
  (265, 34, 1),
  (266, 34, 2),
  (267, 34, 3),
  (268, 34, 4),
  (269, 34, 5),
  (270, 34, 6),
  (271, 34, 7),
  (272, 34, 8),
  (273, 35, 1),
  (274, 35, 2),
  (275, 35, 3),
  (276, 35, 4),
  (277, 35, 5),
  (278, 35, 6),
  (279, 35, 7),
  (280, 35, 8),
  (281, 36, 1),
  (282, 36, 2),
  (283, 36, 3),
  (284, 36, 4),
  (285, 36, 5),
  (286, 36, 6),
  (287, 36, 7),
  (288, 36, 8),
  (289, 37, 1),
  (290, 37, 2),
  (291, 37, 3),
  (292, 37, 4),
  (293, 37, 5),
  (294, 37, 6),
  (295, 37, 7),
  (296, 37, 8),
  (297, 38, 1),
  (298, 38, 2),
  (299, 38, 3),
  (300, 38, 4),
  (301, 38, 5),
  (302, 38, 6),
  (303, 38, 7),
  (304, 38, 8),
  (305, 39, 1),
  (306, 39, 2),
  (307, 39, 3),
  (308, 39, 4),
  (309, 39, 5),
  (310, 39, 6),
  (311, 39, 7),
  (312, 39, 8),
  (313, 40, 1),
  (314, 40, 2),
  (315, 40, 3),
  (316, 40, 4),
  (317, 40, 5),
  (318, 40, 6),
  (319, 40, 7),
  (320, 40, 8),
  (321, 41, 1),
  (322, 41, 2),
  (323, 41, 3),
  (324, 41, 4),
  (325, 41, 5),
  (326, 41, 6),
  (327, 41, 7),
  (328, 41, 8),
  (329, 42, 1),
  (330, 42, 2),
  (331, 42, 3),
  (332, 42, 4),
  (333, 42, 5),
  (334, 42, 6),
  (335, 42, 7),
  (336, 42, 8),
  (337, 43, 1),
  (338, 43, 2),
  (339, 43, 3),
  (340, 43, 4),
  (341, 43, 5),
  (342, 43, 6),
  (343, 43, 7),
  (344, 43, 8),
  (345, 44, 1),
  (346, 44, 2),
  (347, 44, 3),
  (348, 44, 4),
  (349, 44, 5),
  (350, 44, 6),
  (351, 44, 7),
  (352, 44, 8),
  (353, 45, 1),
  (354, 45, 2),
  (355, 45, 3),
  (356, 45, 4),
  (357, 45, 5),
  (358, 45, 6),
  (359, 45, 7),
  (360, 45, 8),
  (361, 46, 1),
  (362, 46, 2),
  (363, 46, 3),
  (364, 46, 4),
  (365, 46, 5),
  (366, 46, 6),
  (367, 46, 7),
  (368, 46, 8),
  (369, 47, 1),
  (370, 47, 2),
  (371, 47, 3),
  (372, 47, 4),
  (373, 47, 5),
  (374, 47, 6),
  (375, 47, 7),
  (376, 47, 8),
  (377, 48, 1),
  (378, 48, 2),
  (379, 48, 3),
  (380, 48, 4),
  (381, 48, 5),
  (382, 48, 6),
  (383, 48, 7),
  (384, 48, 8);

INSERT INTO rooms (id, floor_id, room_name) VALUES
  (1, 3, '学長室'),
  (2, 3, '理事室'),
  (3, 3, '副学長室'),
  (4, 3, '学長戦略課'),
  (5, 2, '総務課'),
  (6, 2, '財務課'),
  (7, 2, '産学連携・研究推進課'),
  (8, 1, '施設課'),
  (9, 1, '入試課'),
  (10, 10, '大学戦略課　国際・高専連携戦略室'),
  (11, 9, '学生支援課'),
  (12, 9, '学務課'),
  (13, 10, '総合情報課'),
  (14, 10, '技大図書館'),
  (15, 32, '801'),
  (16, 32, '803'),
  (17, 32, '805'),
  (18, 32, '806'),
  (19, 32, '807'),
  (20, 31, '701'),
  (21, 31, '702'),
  (22, 31, '703'),
  (23, 31, '704'),
  (24, 31, '705'),
  (25, 31, '706'),
  (26, 31, '708'),
  (27, 30, '601'),
  (28, 30, '602'),
  (29, 30, '603'),
  (30, 30, '604'),
  (31, 30, '605'),
  (32, 30, '606'),
  (33, 30, '607'),
  (34, 30, '608'),
  (35, 38, '663-B'),
  (36, 38, '663'),
  (37, 29, '501'),
  (38, 29, '503'),
  (39, 29, '504'),
  (40, 29, '506'),
  (41, 29, '507'),
  (42, 29, '508'),
  (43, 29, '509'),
  (44, 37, '568-A'),
  (45, 37, '568-B'),
  (46, 37, '572'),
  (47, 37, '576-D'),
  (48, 28, '401'),
  (49, 28, '403'),
  (50, 28, '404'),
  (51, 28, '405'),
  (52, 28, '406'),
  (53, 28, '407'),
  (54, 28, '408'),
  (55, 28, '302'),
  (56, 28, '304'),
  (57, 28, '305'),
  (58, 28, '308'),
  (59, 35, '368'),
  (60, 35, '369'),
  (61, 35, '370'),
  (62, 43, '239'),
  (63, 54, '602'),
  (64, 54, '603'),
  (65, 54, '604'),
  (66, 54, '605'),
  (67, 54, '606'),
  (68, 54, '607'),
  (69, 54, '608'),
  (70, 54, '610'),
  (71, 62, '667'),
  (72, 62, '675'),
  (73, 53, '502'),
  (74, 53, '503'),
  (75, 53, '504'),
  (76, 53, '506'),
  (77, 53, '507'),
  (78, 53, '508'),
  (79, 53, '510'),
  (80, 61, '552'),
  (81, 61, '554'),
  (82, 61, '556'),
  (83, 52, '401'),
  (84, 52, '402'),
  (85, 52, '403'),
  (86, 52, '405'),
  (87, 52, '406'),
  (88, 52, '407'),
  (89, 60, '451'),
  (90, 60, '455'),
  (91, 51, '302'),
  (92, 51, '303'),
  (93, 51, '304'),
  (94, 51, '305'),
  (95, 51, '306'),
  (96, 51, '307'),
  (97, 59, '351'),
  (98, 59, '356'),
  (99, 66, '231'),
  (100, 81, '115'),
  (101, 151, '753'),
  (102, 151, '755'),
  (103, 150, '655'),
  (104, 150, '654'),
  (105, 150, '656'),
  (106, 149, '554'),
  (107, 149, '556'),
  (108, 149, '557'),
  (109, 149, '563'),
  (110, 149, '565'),
  (111, 148, '454'),
  (112, 147, '352'),
  (113, 147, '354'),
  (114, 147, '355'),
  (115, 147, '356'),
  (116, 147, '357'),
  (117, 147, '369'),
  (118, 147, '370'),
  (119, 146, '255'),
  (120, 146, '257'),
  (121, 174, '651'),
  (122, 174, '652'),
  (123, 174, '653'),
  (124, 174, '654'),
  (125, 174, '655'),
  (126, 174, '659'),
  (127, 174, '668'),
  (128, 173, '553'),
  (129, 173, '554'),
  (130, 173, '569'),
  (131, 173, '570'),
  (132, 173, '571'),
  (133, 172, '464'),
  (134, 172, '454'),
  (135, 172, '465'),
  (136, 172, '466'),
  (137, 172, '470'),
  (138, 171, '365'),
  (139, 171, '366'),
  (140, 171, '353'),
  (141, 171, '354'),
  (142, 170, '267'),
  (143, 170, '268'),
  (144, 169, '155'),
  (145, 223, '704'),
  (146, 222, '604'),
  (147, 222, '605'),
  (148, 221, '508'),
  (149, 221, '510'),
  (150, 220, '408'),
  (151, 219, '323'),
  (152, 220, '409'),
  (153, 242, '201'),
  (154, 242, '203'),
  (155, 242, '205'),
  (156, 270, '608'),
  (157, 270, '609'),
  (158, 270, '612'),
  (159, 270, '613'),
  (160, 270, '614'),
  (161, 270, '615'),
  (162, 269, '508'),
  (163, 269, '509'),
  (164, 269, '510'),
  (165, 269, '511'),
  (166, 268, '409'),
  (167, 268, '410'),
  (168, 268, '412'),
  (169, 268, '413'),
  (170, 267, '311'),
  (171, 267, '312'),
  (172, 267, '313'),
  (173, 289, '103'),
  (174, 337, '118'),
  (175, 361, '101'),
  (176, 10, '男女共同参画推進室'),
  (177, 197, '501（語学センター）'),
  (178, 194, '産学連携オフィス');

INSERT INTO teachers (id, name, position, department_id, is_black, remark) VALUES
  (1, '鎌土　重晴', '', 11, false, ''),
  (2, '武田 雅敏', '', 11, false, ''),
  (3, '山下 治', '', 11, false, ''),
  (4, '吉田　康', '', 11, false, ''),
  (5, '上地 義夫', '', 11, false, ''),
  (6, '学長戦略課', '', 11, false, ''),
  (7, '総務課', '', 11, false, ''),
  (8, '財務課', '', 11, false, ''),
  (9, '産学連携・研究推進課', '', 11, false, ''),
  (10, '施設課', '', 11, false, ''),
  (11, '入試課', '', 11, false, ''),
  (12, '大学戦略課　国際・高専連携戦略室', '', 11, false, ''),
  (13, '学生支援課', '', 11, false, ''),
  (14, '学務課', '', 11, false, ''),
  (15, '総合情報課', '', 11, false, ''),
  (16, '技大図書館', '', 11, false, ''),
  (17, '犬飼 直之', '', 11, false, ''),
  (18, '細山田 得三', '', 11, false, ''),
  (19, '池田 隆明', '', 11, false, ''),
  (20, '志賀 正崇', '', 11, false, ''),
  (21, '牧 慎也', '', 11, false, ''),
  (22, '岩崎 英治', '', 11, false, ''),
  (23, '稲葉　紅子', '', 11, false, ''),
  (24, '下村 匠', '', 11, false, ''),
  (25, '高橋 修', '', 11, false, ''),
  (26, '豊田 浩史', '', 11, false, ''),
  (27, '林　厳', '', 11, false, ''),
  (28, '中村 文則', '', 11, false, ''),
  (29, '高橋 勉', '', 11, false, ''),
  (30, '勝身 俊之', '', 11, false, ''),
  (31, '山崎 渉', '', 11, false, ''),
  (32, '鈴木 正太郎', '', 11, false, ''),
  (33, '磯部 浩巳', '', 11, false, ''),
  (34, '馬場 将亮', '', 11, false, ''),
  (35, '會田 英雄', '', 11, false, ''),
  (36, '倉橋 貴彦', '', 11, false, ''),
  (37, '川村 拓史', '', 11, false, ''),
  (38, '髙橋 智', '', 11, false, ''),
  (39, '本間 智之', '', 11, false, ''),
  (40, '井原 郁夫', '', 11, false, ''),
  (41, '阿部 雅二朗', '', 11, false, ''),
  (42, '太田 浩之', '', 11, false, ''),
  (43, '山田 昇', '', 11, false, ''),
  (44, '明田川 正人', '', 11, false, ''),
  (45, '武田 雅敏', '', 11, false, ''),
  (46, 'チョウ　ナン', '', 11, false, ''),
  (47, '滝本 裕也', '', 11, false, ''),
  (48, '横田 和哉', '', 11, false, ''),
  (49, '山下 健', '', 11, false, ''),
  (50, '溝尻 瑞枝', '', 11, false, ''),
  (51, '中田 大貴', '', 11, false, ''),
  (52, '韋 冬', '', 11, false, ''),
  (53, '小林 泰秀', '', 11, false, ''),
  (54, '遠藤 孝浩', '', 11, false, ''),
  (55, '上村 靖司', '', 11, false, ''),
  (56, '庄司 観', '', 11, false, ''),
  (57, '南口　誠', '', 11, false, ''),
  (58, '宮下　幸雄', '', 11, false, ''),
  (59, '中山　忠親', '', 11, false, ''),
  (60, '木村　哲也', '', 11, false, ''),
  (61, '上林恵太', '', 11, false, ''),
  (62, '郭 妍伶', '', 11, false, ''),
  (63, '小池　孝侑', '', 11, false, ''),
  (64, '山本 浩', '', 11, false, ''),
  (65, '小野　浩司', '', 11, false, ''),
  (66, '宮崎　敏昌', '', 11, false, ''),
  (67, '佐々木　友之', '', 11, false, ''),
  (68, '坂本　盛嗣', '', 11, false, ''),
  (69, '南部　功夫', '', 11, false, ''),
  (70, '木村　宗弘', '', 11, false, ''),
  (71, '和田　安弘', '', 11, false, ''),
  (72, '圓道　知博', '', 11, false, ''),
  (73, '野田　浩平', '', 11, false, ''),
  (74, '鈴木　雅人', '', 11, false, ''),
  (75, '草野　利樹', '', 11, false, ''),
  (76, '鵜沼　毅也', '', 11, false, ''),
  (77, '杉田　泰則', '', 11, false, ''),
  (78, '日下　佳祐', '', 11, false, ''),
  (79, '横倉　勇希', '', 11, false, ''),
  (80, '原川　良介', '', 11, false, ''),
  (81, '平沢　壮', '', 11, false, ''),
  (82, '岩橋　政宏', '', 11, false, ''),
  (83, '藤井　賢吾', '', 11, false, ''),
  (84, '原川　良介', '', 11, false, ''),
  (85, '豊田　英之', '', 11, false, ''),
  (86, '岡元　智一郎', '', 11, false, ''),
  (87, '玉山　泰宏', '', 11, false, ''),
  (88, '三浦　友史', '', 11, false, ''),
  (89, '山下　智樹', '', 11, false, ''),
  (90, '田中　久仁彦', '', 11, false, ''),
  (91, '伊東　淳一', '', 11, false, ''),
  (92, '金井　綾香', '', 11, false, ''),
  (93, '舟木　秀明', '', 11, false, ''),
  (94, '眞田 亜紀子', '', 11, false, ''),
  (95, '加藤有行', '', 11, false, ''),
  (96, '佐々木　徹', '', 11, false, ''),
  (97, '豊田　充', '', 11, false, ''),
  (98, '坪根　正', '', 11, false, ''),
  (99, '髙橋　一匡', '', 11, false, ''),
  (100, 'パドロンパラガファンビセンテ', '', 11, false, ''),
  (101, '吉田　勇太', '', 11, false, ''),
  (102, '渡辺　大貴', '', 11, false, ''),
  (103, '和田森　直', '', 11, false, ''),
  (104, 'チャンフアンタオ', '', 11, false, ''),
  (105, '霜田　靖', '', 11, false, ''),
  (106, '西村　泰介', '', 11, false, ''),
  (107, '滝本　浩一', '', 11, false, ''),
  (108, '大沼　清', '', 11, false, ''),
  (109, '藤原　郁子', '', 11, false, ''),
  (110, '木村　悟隆', '', 11, false, ''),
  (111, '佐藤　武史', '', 11, false, ''),
  (112, '高原　美規', '', 11, false, ''),
  (113, '内山　尚志', '', 11, false, ''),
  (114, '高柳　充寛', '', 11, false, ''),
  (115, '笠井　大輔', '', 11, false, ''),
  (116, '藤田　雅也', '', 11, false, ''),
  (117, '政井　英司', '', 11, false, ''),
  (118, '上村　直史', '', 11, false, ''),
  (119, '小笠原　渉', '', 11, false, ''),
  (120, '志田　洋介', '', 11, false, ''),
  (121, '武田　百合子', '', 11, false, ''),
  (122, '中村　彰宏', '', 11, false, ''),
  (123, '山本　麻希', '', 11, false, ''),
  (124, '桑原　敬司', '', 11, false, ''),
  (125, '近藤　みずき', '', 11, false, ''),
  (126, '辻　雅晴', '', 11, false, ''),
  (127, '熊倉　俊郎', '', 11, false, ''),
  (128, '陸　旻皎', '', 11, false, ''),
  (129, '高橋　一義', '', 11, false, ''),
  (130, '坂田　健太', '', 11, false, ''),
  (131, '楊　宏選', '', 11, false, ''),
  (132, '高橋　祥司', '', 11, false, ''),
  (133, '姫野　修司', '', 11, false, ''),
  (134, '小松　俊哉', '', 11, false, ''),
  (135, '幡本　将史', '', 11, false, ''),
  (136, '山口　隆司', '', 11, false, ''),
  (137, '渡利　高大', '', 11, false, ''),
  (138, '高橋　由紀子', '', 11, false, ''),
  (139, '渡邊　高子', '', 11, false, ''),
  (140, '西川　雅美', '', 11, false, ''),
  (141, '船津　麻美', '', 11, false, ''),
  (142, '中村健', '', 11, false, ''),
  (143, '加藤 哲平', '', 11, false, ''),
  (144, '佐野 可寸志', '', 11, false, ''),
  (145, '丸岡 陽', '', 11, false, ''),
  (146, '松川 寿也', '', 11, false, ''),
  (147, '原信一郎', '', 11, false, ''),
  (148, '山本謙一郎', '', 11, false, ''),
  (149, '中山　佳子', '', 11, false, ''),
  (150, '大岩　孝輔', '', 11, false, ''),
  (151, '西山　雄大', '', 11, false, ''),
  (152, '土居　裕和', '', 11, false, ''),
  (153, '中平　勝子', '', 11, false, ''),
  (154, '湯川　高志', '', 11, false, ''),
  (155, '羽山　徹彩', '', 11, false, ''),
  (156, '船津　麻美', '', 11, false, ''),
  (157, '野村　収作', '', 11, false, ''),
  (158, '江　偉華', '', 11, false, ''),
  (159, '末松　久幸', '', 11, false, ''),
  (160, '志田　暁雄', '', 11, false, ''),
  (161, 'DO Thi Mai Dung', '', 11, false, ''),
  (162, '大塚雄市', '', 11, false, ''),
  (163, '北條理恵子', '', 11, false, ''),
  (164, '山形浩史', '', 11, false, ''),
  (165, '張　坤', '', 11, false, ''),
  (166, '三好孝典', '', 11, false, ''),
  (167, '眞砂　英樹', '', 11, false, ''),
  (168, '太田朋子', '', 11, false, ''),
  (169, '高橋憲吾', '', 11, false, ''),
  (170, '佐藤大輔', '', 11, false, ''),
  (171, '山田修一', '', 11, false, ''),
  (172, '菊池　崇志', '', 11, false, ''),
  (173, '鈴木 常生', '', 11, false, ''),
  (174, '鈴木　達也', '', 11, false, ''),
  (175, '須貝 太一', '', 11, false, ''),
  (176, '大沢直樹　麻卓然　林哲浩', '', 11, false, ''),
  (177, '大場　恭子', '', 11, false, ''),
  (178, '竹澤宏樹', '', 11, false, ''),
  (179, '吉井　一夫', '', 11, false, ''),
  (180, '佐藤　賢太', '', 11, false, ''),
  (181, '小倉　正崇', '', 11, false, ''),
  (182, '山田　洋之', '', 11, false, ''),
  (183, '高橋　美幸', '', 11, false, ''),
  (184, '小杉　健一朗', '', 11, false, ''),
  (185, '上野　悠一', '', 11, false, ''),
  (186, '松本　義伸', '', 11, false, ''),
  (187, '白井　一美', '', 11, false, ''),
  (188, '勝身　麻美', '', 11, false, ''),
  (189, '内山　雅彦', '', 11, false, ''),
  (190, '藤田　光悦', '', 11, false, '');

INSERT INTO room_teachers (room_id, teacher_id) VALUES
  (1, 1),
  (2, 2),
  (2, 3),
  (2, 4),
  (3, 5),
  (4, 6),
  (5, 7),
  (6, 8),
  (7, 9),
  (8, 10),
  (9, 11),
  (10, 12),
  (11, 13),
  (12, 14),
  (13, 15),
  (14, 16),
  (15, 17),
  (16, 18),
  (17, 19),
  (18, 20),
  (19, 21),
  (20, 22),
  (21, 23),
  (22, 24),
  (23, 25),
  (24, 26),
  (25, 27),
  (26, 28),
  (27, 29),
  (28, 30),
  (29, 31),
  (30, 32),
  (31, 33),
  (32, 34),
  (33, 35),
  (34, 36),
  (35, 37),
  (36, 38),
  (37, 39),
  (38, 40),
  (39, 41),
  (40, 42),
  (41, 43),
  (42, 44),
  (43, 45),
  (44, 46),
  (45, 47),
  (46, 48),
  (47, 49),
  (48, 50),
  (49, 51),
  (50, 52),
  (51, 53),
  (52, 54),
  (53, 55),
  (54, 56),
  (55, 57),
  (56, 58),
  (57, 59),
  (58, 60),
  (59, 61),
  (60, 62),
  (61, 63),
  (62, 64),
  (63, 65),
  (64, 66),
  (65, 67),
  (66, 68),
  (67, 69),
  (68, 70),
  (69, 71),
  (70, 72),
  (71, 73),
  (71, 74),
  (72, 75),
  (73, 76),
  (74, 77),
  (75, 78),
  (76, 79),
  (77, 80),
  (78, 81),
  (79, 82),
  (80, 83),
  (81, 84),
  (82, 85),
  (83, 86),
  (84, 87),
  (85, 88),
  (86, 89),
  (87, 90),
  (88, 91),
  (89, 92),
  (90, 93),
  (91, 94),
  (92, 95),
  (93, 96),
  (94, 97),
  (95, 98),
  (96, 99),
  (97, 100),
  (97, 101),
  (98, 102),
  (99, 103),
  (100, 104),
  (101, 105),
  (102, 106),
  (103, 107),
  (104, 108),
  (105, 109),
  (106, 110),
  (107, 111),
  (108, 112),
  (109, 113),
  (110, 114),
  (111, 115),
  (112, 116),
  (113, 117),
  (114, 118),
  (115, 119),
  (116, 120),
  (117, 121),
  (118, 122),
  (119, 123),
  (120, 124),
  (120, 125),
  (121, 126),
  (122, 127),
  (123, 128),
  (124, 129),
  (125, 130),
  (126, 131),
  (127, 132),
  (128, 133),
  (129, 134),
  (130, 135),
  (131, 136),
  (132, 137),
  (133, 138),
  (134, 139),
  (135, 140),
  (136, 141),
  (137, 142),
  (138, 143),
  (139, 144),
  (140, 145),
  (141, 146),
  (142, 147),
  (143, 148),
  (144, 149),
  (145, 150),
  (146, 151),
  (147, 152),
  (148, 153),
  (149, 154),
  (150, 155),
  (151, 156),
  (152, 157),
  (153, 158),
  (154, 159),
  (155, 160),
  (155, 161),
  (156, 162),
  (157, 163),
  (158, 164),
  (159, 165),
  (160, 166),
  (161, 167),
  (162, 168),
  (163, 169),
  (164, 170),
  (165, 171),
  (166, 172),
  (167, 173),
  (168, 174),
  (169, 175),
  (170, 176),
  (171, 177),
  (172, 178),
  (173, 179),
  (173, 180),
  (173, 181),
  (173, 182),
  (174, 183),
  (174, 184),
  (174, 185),
  (175, 186),
  (176, 187),
  (177, 188),
  (178, 189),
  (178, 190);
